target_rsid,neighbor_rsid,r2
rs6030,rs6701330,1.0
rs6030,rs7535409,1.0
rs6030,rs1557570,1.0
rs6030,rs1800594,1.0
rs6030,rs2157581,0.9765
rs6030,rs916438,0.9765
rs6030,rs4656687,0.9765
rs6030,rs1557572,0.9765
rs6030,rs10800454,0.9765
rs6030,rs2239852,0.9765
rs6030,rs6686805,0.9765
rs6030,rs2301515,0.9537
rs6030,rs9332665,0.9537
rs6030,rs3820060,0.9537
rs6030,rs4656185,0.9537
rs6030,rs9332599,0.9529
rs6030,rs57670315,0.9527
rs6030,rs9332596,0.8846
rs6030,rs2187953,0.8625
rs6030,rs2420373,0.8625
rs6030,rs9332620,0.8625
rs6030,rs9332627,0.8625
rs6030,rs9332619,0.8625
rs6030,rs9332635,0.8625
rs6030,rs6670393,0.8625
rs6030,rs1121789,0.8625
rs6030,rs4656187,0.8625
rs6030,rs9332643,0.8625
rs6030,rs9332651,0.8625
rs6030,rs9332652,0.8625
rs6030,rs10800453,0.8625
rs6030,rs9332655,0.8625
rs6030,rs3766109,0.8625
rs6030,rs9287090,0.8625
rs6030,rs6032,0.8625
rs6030,rs4525,0.8625
rs6030,rs4524,0.8625
rs6030,rs6021,0.8625
rs6030,rs6017,0.8625
rs6030,rs6016,0.8625
rs6030,rs2239851,0.8625
rs6030,rs6675244,0.8625
rs6030,rs6662593,0.8625
rs6030,rs6662696,0.8625
rs6030,rs9332600,0.8625
rs6030,rs1894694,0.8612
rs6030,rs2213867,0.8391
rs6030,rs2213866,0.8391
rs6030,rs2227244,0.8391
rs6030,rs9332667,0.8391
rs6030,rs4656685,0.8391
rs6030,rs2187952,0.8391
rs6030,rs970741,0.8391
rs6030,rs974793,0.8391
rs6030,rs2298909,0.8391
rs6030,rs10919178,0.8391
rs6030,rs11579441,0.8391
rs6030,rs2009814,0.8391
rs6030,rs201249681,0.8391
rs6030,rs4656684,0.8391
rs6030,rs10800450,0.8391
rs6030,rs12127364,0.8391
rs2228671,rs17248783,0.947
rs2228671,rs17248776,0.947
rs2228671,rs74857287,0.947
rs2228671,rs141820146,0.947
rs2228671,rs73015034,0.947
rs2228671,rs142444132,0.947
rs2228671,rs73015033,0.947
rs2228671,rs17248769,0.947
rs2228671,rs117423069,0.947
rs2228671,rs17242395,0.947
rs2228671,rs17242381,0.947
rs2228671,rs17248720,0.89
rs2228671,rs6511720,0.8373
rs2228671,rs141787760,0.8373
rs2228671,rs60173709,0.8373
rs2228671,rs57217136,0.8373
rs2228671,rs17248727,0.8373
rs2228671,rs73015024,0.8373
rs2228671,rs12151108,0.8373
rs2228671,rs8106503,0.8373
rs2228671,rs139306531,0.8373
rs2228671,rs10412048,0.8373
rs2228671,rs112552009,0.8373
rs2228671,rs73015021,0.8373
rs2228671,rs77140532,0.8373
rs2228671,rs73015020,0.8373
rs2228671,rs61194703,0.8373
rs2228671,rs138294113,0.8373
rs2228671,rs10402112,0.8373
rs2228671,rs73015016,0.8373
rs2228671,rs151113958,0.8373
rs2228671,rs114846969,0.8373
rs2228671,rs73015013,0.8373
rs2228671,rs142130958,0.8373
rs2228671,rs139853365,0.8373
rs2228671,rs145960625,0.8373
rs2228671,rs118068660,0.8373
rs2228671,rs142158911,0.8373
rs2228671,rs77265569,0.8373
rs2228671,rs112032422,0.8373
rs2228671,rs115594766,0.8373
rs2228671,rs112107114,0.8373
rs2228671,rs138175288,0.8373
rs2228671,rs114821903,0.8373
rs2228671,rs73015011,0.8373
rs2228671,rs200495339,0.8373
rs2228671,rs113722226,0.8373
rs2228671,rs148898583,0.8373
rs2228671,rs374982520,0.8373
rs2228671,rs112374545,0.8373
rs2228671,rs112898275,0.8373
rs2228671,rs145329186,0.8373
rs2228671,rs56289821,0.8373
rs2228671,rs56125973,0.8373
rs2228671,rs55791371,0.8373
rs2228671,rs55997232,0.8373
rs2228671,rs111989435,0.8373
rs2228671,rs112736558,0.8373
rs2228671,rs144826254,0.8373
rs2228671,rs143020224,0.8373
rs16941,rs16942,1.0
rs16941,rs16940,1.0
rs16941,rs2070834,1.0
rs16941,rs200781379,1.0
rs16941,rs8176160,1.0
rs16941,rs8176161,1.0
rs16941,rs8176147,1.0
rs16941,rs66499067,1.0
rs16941,rs8176145,1.0
rs16941,rs8176168,1.0
rs16941,rs8176144,1.0
rs16941,rs8176170,1.0
rs16941,rs8176171,1.0
rs16941,rs35693790,1.0
rs16941,rs3950989,1.0
rs16941,rs8176141,1.0
rs16941,rs8176140,1.0
rs16941,rs10445320,1.0
rs16941,rs1060915,1.0
rs16941,rs10445303,1.0
rs16941,rs67060599,1.0
rs16941,rs35908185,1.0
rs16941,rs72434991,1.0
rs16941,rs147856441,1.0
rs16941,rs4793197,1.0
rs16941,rs8176193,1.0
rs16941,rs8176133,1.0
rs16941,rs8176194,1.0
rs16941,rs8176130,1.0
rs16941,rs8176200,1.0
rs16941,rs8176201,1.0
rs16941,rs8176202,1.0
rs16941,rs8176126,1.0
rs16941,rs8176203,1.0
rs16941,rs8176204,1.0
rs16941,rs8176205,1.0
rs16941,rs12940378,1.0
rs16941,rs4792977,1.0
rs16941,rs8176120,1.0
rs16941,rs34250703,1.0
rs16941,rs8176212,1.0
rs16941,rs8176214,1.0
rs16941,rs12936316,1.0
rs16941,rs8176117,1.0
rs16941,rs111499627,1.0
rs16941,rs11657823,1.0
rs16941,rs8176114,1.0
rs16941,rs8176218,1.0
rs16941,rs1799966,1.0
rs16941,rs8176109,1.0
rs16941,rs3092987,1.0
rs16941,rs8176220,1.0
rs16941,rs8176103,1.0
rs16941,rs8176098,1.0
rs16941,rs8176231,1.0
rs16941,rs8176233,1.0
rs16941,rs8176234,1.0
rs16941,rs8176092,1.0
rs16941,rs8176091,1.0
rs16941,rs4793195,1.0
rs16941,rs8176088,1.0
rs16941,rs4793194,1.0
rs16941,rs8176087,1.0
rs16941,rs8176242,1.0
rs16941,rs3785546,1.0
rs16941,rs3092994,1.0
rs16941,rs34942571,1.0
rs16941,rs36086436,1.0
rs16941,rs8176263,1.0
rs16941,rs8176086,1.0
rs16941,rs8176265,1.0
rs16941,rs2187603,1.0
rs16941,rs149141411,1.0
rs16941,rs8176083,1.0
rs16941,rs8176268,1.0
rs16941,rs8176269,1.0
rs16941,rs8176082,1.0
rs16941,rs3765640,1.0
rs16941,rs35330014,1.0
rs16941,rs8176077,1.0
rs16941,rs4793193,1.0
rs16941,rs11652377,1.0
rs16941,rs8176273,1.0
rs16941,rs8176071,1.0
rs16941,rs11655505,1.0
rs16941,rs8176282,1.0
rs16941,rs4793204,1.0
rs16941,rs35981166,1.0
rs16941,rs12947782,1.0
rs16941,rs33945274,1.0
rs16941,rs33925201,1.0
rs16941,rs2011530,1.0
rs16941,rs1877837,1.0
rs16941,rs8176289,1.0
rs16941,rs8176290,1.0
rs16941,rs11653069,1.0
rs16941,rs35406806,1.0
rs16941,rs34239244,1.0
rs16941,rs4793192,1.0
rs16941,rs4793191,1.0
rs16941,rs11650848,1.0
rs16941,rs11651905,1.0
rs16941,rs8176296,1.0
rs16941,rs8176297,1.0
rs16941,rs2175957,1.0
rs16941,rs3092988,1.0
rs16941,rs35286533,1.0
rs16941,rs33988650,1.0
rs16941,rs33961729,1.0
rs16941,rs4793190,1.0
rs16941,rs4793207,1.0
rs16941,rs8176314,1.0
rs16941,rs11656097,1.0
rs16941,rs2292595,1.0
rs16941,rs8176318,1.0
rs16941,rs4792978,1.0
rs16941,rs11657835,1.0
rs16941,rs1135214,1.0
rs16941,rs4793209,1.0
rs16941,rs12516,1.0
rs16941,rs11658754,1.0
rs16941,rs8176322,1.0
rs16941,rs8176323,1.0
rs16941,rs11659028,1.0
rs16941,rs11652332,1.0
rs16941,rs35170910,1.0
rs16941,rs35578914,1.0
rs16941,rs11657053,1.0
rs16941,rs33968979,1.0
rs16941,rs4793189,1.0
rs16941,rs33933224,1.0
rs16941,rs4793210,1.0
rs16941,rs4792979,1.0
rs16941,rs11656761,1.0
rs16941,rs11654452,1.0
rs16941,rs12951574,1.0
rs16941,rs12952790,1.0
rs16941,rs11650013,1.0
rs16941,rs12950607,1.0
rs16941,rs34616041,1.0
rs16941,rs11079056,1.0
rs16941,rs12942277,1.0
rs16941,rs12944597,1.0
rs16941,rs12951869,1.0
rs16941,rs11649926,1.0
rs16941,rs12936816,1.0
rs16941,rs4793212,1.0
rs16941,rs34534709,1.0
rs16941,rs34059614,1.0
rs16941,rs33926631,1.0
rs16941,rs1960605,1.0
rs16941,rs55672536,1.0
rs16941,rs2037075,1.0
rs16941,rs2037076,1.0
rs16941,rs11653253,1.0
rs16941,rs12950779,1.0
rs16941,rs35646478,1.0
rs16941,rs72829113,1.0
rs16941,rs73311417,1.0
rs16941,rs12937015,1.0
rs16941,rs36036395,1.0
rs16941,rs4340367,1.0
rs16941,rs12944458,1.0
rs16941,rs4792981,1.0
rs16941,rs915945,1.0
rs16941,rs34120358,1.0
rs16941,rs1973646,1.0
rs16941,rs55874139,1.0
rs16941,rs2298861,1.0
rs16941,rs2298862,1.0
rs16941,rs35521261,1.0
rs16941,rs33933393,1.0
rs16941,rs71160019,1.0
rs16941,rs71160020,1.0
rs16941,rs4792982,1.0
rs16941,rs4793215,1.0
rs16941,rs12952012,1.0
rs16941,rs799917,0.9783
rs16941,rs799916,0.9783
rs16941,rs799919,0.9783
rs16941,rs8067269,0.9783
rs16941,rs10445321,0.9783
rs16941,rs799912,0.9783
rs16941,rs8176196,0.9783
rs16941,rs8176198,0.9783
rs16941,rs4318274,0.9783
rs16941,rs4239148,0.9783
rs16941,rs4239147,0.9783
rs16941,rs2236762,0.9783
rs16941,rs55737636,0.9783
rs16941,rs55820479,0.9783
rs16941,rs374842106,0.9783
rs16941,rs35668327,0.9783
rs16941,rs799902,0.9783
rs16941,rs799903,0.9783
rs16941,rs8077486,0.9783
rs16941,rs799905,0.9783
rs16941,rs799906,0.9783
rs16941,rs8176279,0.9783
rs16941,rs799908,0.9783
rs16941,rs799910,0.9783
rs16941,rs7212284,0.9783
rs16941,rs6503726,0.9783
rs16941,rs8070179,0.9783
rs16941,rs1554063,0.9783
rs16941,rs79345851,0.9783
rs16941,rs8176310,0.9783
rs16941,rs7210098,0.9783
rs16941,rs7223952,0.9783
rs16941,rs2355868,0.9783
rs16941,rs8071278,0.9783
rs16941,rs7223062,0.9783
rs16941,rs35678438,0.9783
rs16941,rs9911630,0.9783
rs16941,rs9904909,0.9783
rs16941,rs6503727,0.9783
rs16941,rs35070007,0.9783
rs16941,rs2137990,0.9783
rs16941,rs33946455,0.9783
rs16941,rs34365396,0.9783
rs16941,rs12940037,0.9783
rs16941,rs12937192,0.9783
rs16941,rs11650132,0.9783
rs16941,rs11650272,0.9783
rs16941,rs11654700,0.9783
rs16941,rs11654731,0.9783
rs16941,rs2271573,0.9783
rs16941,rs2271574,0.9783
rs16941,rs3215228,0.9783
rs16941,rs33994002,0.9783
rs16941,rs33920795,0.9783
rs16941,rs33918839,0.9783
rs16941,rs11651623,0.9783
rs16941,rs11657883,0.9783
rs16941,rs11656945,0.9783
rs16941,rs12944430,0.9783
rs16941,rs11653460,0.9783
rs16941,rs11653231,0.9783
rs16941,rs11650913,0.9783
rs16941,rs12936831,0.9783
rs16941,rs149420345,0.9783
rs16941,rs1399323,0.9783
rs16941,rs35954893,0.9783
rs16941,rs35292991,0.9783
rs16941,rs11658499,0.9783
rs16941,rs11655049,0.9783
rs16941,rs4793216,0.9783
rs16941,rs4445938,0.9783
rs16941,rs11654877,0.9783
rs16941,rs8070085,0.9783
rs16941,rs8074136,0.9783
rs16941,rs33911743,0.9783
rs16941,rs33924658,0.9783
rs16941,rs4793217,0.9783
rs16941,rs3744242,0.9783
rs16941,rs34234065,0.9783
rs16941,rs36116919,0.9783
rs16941,rs34142696,0.9783
rs16941,rs34743495,0.9783
rs16941,rs17527802,0.9783
rs16941,rs35837289,0.9783
rs16941,rs77259033,0.9783
rs16941,rs17527829,0.9783
rs16941,rs35995789,0.9783
rs16941,rs35243819,0.9783
rs16941,rs2306829,0.9783
rs16941,rs71379211,0.9783
rs16941,rs35221180,0.9783
rs16941,rs1565163,0.9783
rs16941,rs748620,0.9783
rs16941,rs13119,0.9783
rs16941,rs3803871,0.9783
rs16941,rs35989681,0.9783
rs16941,rs13851,0.9783
rs16941,rs1807433,0.9783
rs16941,rs372125809,0.9783
rs16941,rs1184902481,0.9783
rs16941,rs17600371,0.9783
rs16941,rs1133320,0.9783
rs16941,rs3744244,0.9783
rs16941,rs35960318,0.9783
rs16941,rs113488312,0.9783
rs16941,rs112666191,0.9783
rs16941,rs7406399,0.9783
rs16941,rs7406411,0.9783
rs16941,rs71361513,0.9783
rs16941,rs34094168,0.9783
rs16941,rs71274038,0.9783
rs16941,rs201687968,0.9783
rs16941,rs78845268,0.9783
rs16941,rs35265669,0.9783
rs16941,rs79860307,0.9783
rs16941,rs35253360,0.9783
rs16941,rs34093730,0.9783
rs16941,rs34095420,0.9783
rs16941,rs71379217,0.9783
rs16941,rs111241581,0.9783
rs16941,rs77584072,0.9783
rs16941,rs111418629,0.9783
rs16941,rs113379364,0.9783
rs16941,rs4793224,0.9783
rs16941,rs35332877,0.9783
rs16941,rs35312672,0.9783
rs16941,rs75467880,0.9783
rs16941,rs17600502,0.9783
rs16941,rs113613557,0.9783
rs16941,rs17600553,0.9783
rs16941,rs34766339,0.9783
rs16941,rs34086156,0.9783
rs16941,rs80228534,0.9783
rs16941,rs113429486,0.9783
rs16941,rs4793222,0.9783
rs16941,rs4793221,0.9783
rs16941,rs35073256,0.9783
rs16941,rs1574328,0.9783
rs16941,rs1574329,0.9783
rs16941,rs111784069,0.9783
rs16941,rs111535713,0.9783
rs16941,rs34053645,0.9783
rs16941,rs34977165,0.9783
rs16941,rs2171461,0.9783
rs16941,rs4793226,0.9783
rs16941,rs2127223,0.9783
rs16941,rs35788301,0.9783
rs16941,rs2343820,0.9783
rs16941,rs35612701,0.9783
rs16941,rs4356517,0.9783
rs16941,rs2343819,0.9783
rs16941,rs2343818,0.9783
rs16941,rs36114164,0.9783
rs16941,rs34576341,0.9783
rs16941,rs35399157,0.9783
rs16941,rs111309714,0.9783
rs16941,rs71190320,0.9783
rs16941,rs4346244,0.9783
rs16941,rs4600503,0.9783
rs16941,rs4352088,0.9783
rs16941,rs9675035,0.9783
rs16941,rs9675026,0.9783
rs16941,rs4520874,0.9783
rs16941,rs71379220,0.9783
rs16941,rs12951008,0.9783
rs16941,rs4793229,0.9783
rs16941,rs34633610,0.9783
rs16941,rs11654051,0.9783
rs16941,rs11649954,0.9783
rs16941,rs11653303,0.9783
rs16941,rs1824889,0.9783
rs16941,rs56729776,0.9783
rs16941,rs35956818,0.9783
rs16941,rs34610160,0.9783
rs16941,rs35593315,0.9783
rs16941,rs9646414,0.9783
rs16941,rs9646415,0.9783
rs16941,rs9646416,0.9783
rs16941,rs9646417,0.9783
rs16941,rs1545764,0.9783
rs16941,rs4584865,0.9783
rs16941,rs9646412,0.9783
rs16941,rs4793231,0.9783
rs16941,rs36042146,0.9783
rs16941,rs11651341,0.9783
rs16941,rs34572725,0.9783
rs16941,rs35437515,0.9783
rs16941,rs4534897,0.9783
rs16941,rs56301523,0.9783
rs16941,rs71275966,0.9783
rs16941,rs1842145,0.9783
rs16941,rs1842147,0.9783
rs16941,rs4793233,0.9783
rs16941,rs60309406,0.9783
rs16941,rs4793234,0.9783
rs16941,rs4793236,0.9783
rs16941,rs34738736,0.9782
rs16941,rs5018133,0.9782
rs16941,rs5018132,0.9782
rs16941,rs7501753,0.9782
rs16941,rs4239149,0.9573
rs16941,rs36062488,0.9573
rs16941,rs35014595,0.9573
rs16941,rs36107656,0.9573
rs16941,rs35017602,0.9573
rs16941,rs17527933,0.9573
rs16941,rs35635387,0.9573
rs16941,rs71379212,0.9573
rs16941,rs2356310,0.9573
rs16941,rs34210004,0.9573
rs16941,rs3051096,0.9573
rs16941,rs13539,0.9573
rs16941,rs71367985,0.9573
rs16941,rs71367986,0.9573
rs16941,rs75566810,0.9573
rs16941,rs2171462,0.9573
rs16941,rs1386749,0.9573
rs16941,rs77940339,0.9573
rs16941,rs117334117,0.9573
rs16941,rs79391435,0.9573
rs16941,rs2736686,0.9573
rs16941,rs36035445,0.9573
rs16941,rs35993618,0.9573
rs16941,rs4793227,0.9573
rs16941,rs2086248,0.9573
rs16941,rs12940133,0.9573
rs16941,rs9646418,0.9573
rs16941,rs9646413,0.9573
rs16941,rs4793230,0.9573
rs16941,rs9897425,0.9573
rs16941,rs11650732,0.9573
rs16941,rs9891977,0.9573
rs16941,rs4792988,0.9573
rs16941,rs4792989,0.9573
rs16941,rs375673256,0.9566
rs16941,rs67177158,0.9566
rs16941,rs35971878,0.9566
rs16941,rs2005942,0.9566
rs16941,rs35184764,0.9368
rs16941,rs34982101,0.9368
rs16941,rs8482,0.9368
rs16941,rs199735290,0.9368
rs16941,rs116409325,0.9368
rs16941,rs7223460,0.9368
rs16941,rs58891786,0.9356
rs16941,rs2070835,0.9356
rs16941,rs9915489,0.9355
rs16941,rs111274735,0.9351
rs16941,rs34410138,0.9169
rs16941,rs4793237,0.9169
rs16941,rs11657004,0.9169
rs16941,rs11080034,0.9169
rs16941,rs9912203,0.9169
rs16941,rs34474989,0.9169
rs16941,rs201521196,0.9169
rs16941,rs377611452,0.914
rs16941,rs371133200,0.914
rs16941,rs11396510,0.8974
rs16941,rs34293035,0.8944
rs16941,rs1137525,0.8932
rs16941,rs11656843,0.8785
rs16941,rs71379215,0.8785
rs16941,rs1842144,0.8785
rs16941,rs11347376,0.8757
rs16941,rs8176216,0.8728
rs16941,rs2355869,0.8722
rs16941,rs34687590,0.8601
rs16941,rs113018343,0.8601
rs16941,rs74252763,0.8328
rs16941,rs71190323,0.8328
rs16941,rs34983914,0.8328
rs28897680,rs578152182,1.0
rs28897680,rs563423419,1.0
rs11571747,rs142153289,1.0
rs11571747,rs142247742,1.0
rs11571747,rs138222232,1.0
rs183119644,rs181995696,1.0
rs4986852,rs117381683,0.8842
rs4986852,rs8176250,0.8842
rs869320783,rs45520945,1.0
rs869320783,rs574281915,1.0
rs869320783,rs141034499,1.0
rs869320783,rs145719872,1.0
rs869320783,rs146121775,1.0
rs869320783,rs145063660,1.0
rs869320783,rs184987583,1.0
rs869320783,rs183981113,1.0
rs869320783,rs574645830,1.0
rs869320783,rs556334322,1.0
rs869320783,rs538089181,1.0
rs869320783,rs570789017,1.0
rs869320783,rs144079183,1.0
rs16942,rs16941,1.0
rs16942,rs16940,1.0
rs16942,rs2070834,1.0
rs16942,rs200781379,1.0
rs16942,rs8176160,1.0
rs16942,rs8176161,1.0
rs16942,rs8176147,1.0
rs16942,rs8176168,1.0
rs16942,rs66499067,1.0
rs16942,rs8176170,1.0
rs16942,rs8176171,1.0
rs16942,rs8176145,1.0
rs16942,rs8176144,1.0
rs16942,rs3950989,1.0
rs16942,rs35693790,1.0
rs16942,rs8176141,1.0
rs16942,rs8176140,1.0
rs16942,rs1060915,1.0
rs16942,rs10445320,1.0
rs16942,rs10445303,1.0
rs16942,rs67060599,1.0
rs16942,rs35908185,1.0
rs16942,rs72434991,1.0
rs16942,rs4793197,1.0
rs16942,rs147856441,1.0
rs16942,rs8176193,1.0
rs16942,rs8176194,1.0
rs16942,rs8176133,1.0
rs16942,rs8176200,1.0
rs16942,rs8176201,1.0
rs16942,rs8176202,1.0
rs16942,rs8176130,1.0
rs16942,rs8176203,1.0
rs16942,rs8176204,1.0
rs16942,rs8176205,1.0
rs16942,rs12940378,1.0
rs16942,rs8176126,1.0
rs16942,rs4792977,1.0
rs16942,rs8176120,1.0
rs16942,rs34250703,1.0
rs16942,rs8176212,1.0
rs16942,rs8176214,1.0
rs16942,rs12936316,1.0
rs16942,rs111499627,1.0
rs16942,rs8176117,1.0
rs16942,rs11657823,1.0
rs16942,rs8176114,1.0
rs16942,rs8176218,1.0
rs16942,rs1799966,1.0
rs16942,rs3092987,1.0
rs16942,rs8176220,1.0
rs16942,rs8176109,1.0
rs16942,rs8176103,1.0
rs16942,rs8176231,1.0
rs16942,rs8176233,1.0
rs16942,rs8176098,1.0
rs16942,rs8176234,1.0
rs16942,rs4793195,1.0
rs16942,rs4793194,1.0
rs16942,rs8176242,1.0
rs16942,rs8176092,1.0
rs16942,rs8176091,1.0
rs16942,rs8176088,1.0
rs16942,rs8176087,1.0
rs16942,rs3785546,1.0
rs16942,rs3092994,1.0
rs16942,rs34942571,1.0
rs16942,rs36086436,1.0
rs16942,rs8176263,1.0
rs16942,rs8176265,1.0
rs16942,rs2187603,1.0
rs16942,rs8176268,1.0
rs16942,rs8176269,1.0
rs16942,rs8176086,1.0
rs16942,rs149141411,1.0
rs16942,rs8176083,1.0
rs16942,rs35330014,1.0
rs16942,rs8176082,1.0
rs16942,rs4793193,1.0
rs16942,rs11652377,1.0
rs16942,rs3765640,1.0
rs16942,rs8176273,1.0
rs16942,rs8176077,1.0
rs16942,rs8176071,1.0
rs16942,rs11655505,1.0
rs16942,rs8176282,1.0
rs16942,rs4793204,1.0
rs16942,rs35981166,1.0
rs16942,rs12947782,1.0
rs16942,rs33945274,1.0
rs16942,rs33925201,1.0
rs16942,rs2011530,1.0
rs16942,rs1877837,1.0
rs16942,rs8176289,1.0
rs16942,rs8176290,1.0
rs16942,rs11653069,1.0
rs16942,rs4793192,1.0
rs16942,rs4793191,1.0
rs16942,rs35406806,1.0
rs16942,rs34239244,1.0
rs16942,rs8176296,1.0
rs16942,rs8176297,1.0
rs16942,rs11650848,1.0
rs16942,rs11651905,1.0
rs16942,rs3092988,1.0
rs16942,rs2175957,1.0
rs16942,rs35286533,1.0
rs16942,rs33988650,1.0
rs16942,rs4793190,1.0
rs16942,rs33961729,1.0
rs16942,rs8176314,1.0
rs16942,rs4793207,1.0
rs16942,rs11656097,1.0
rs16942,rs2292595,1.0
rs16942,rs8176318,1.0
rs16942,rs12516,1.0
rs16942,rs4792978,1.0
rs16942,rs11657835,1.0
rs16942,rs8176322,1.0
rs16942,rs8176323,1.0
rs16942,rs1135214,1.0
rs16942,rs4793209,1.0
rs16942,rs11658754,1.0
rs16942,rs11659028,1.0
rs16942,rs11652332,1.0
rs16942,rs35578914,1.0
rs16942,rs35170910,1.0
rs16942,rs11657053,1.0
rs16942,rs4793189,1.0
rs16942,rs33968979,1.0
rs16942,rs33933224,1.0
rs16942,rs4793210,1.0
rs16942,rs4792979,1.0
rs16942,rs11654452,1.0
rs16942,rs11650013,1.0
rs16942,rs34616041,1.0
rs16942,rs11656761,1.0
rs16942,rs12951574,1.0
rs16942,rs12952790,1.0
rs16942,rs12950607,1.0
rs16942,rs12942277,1.0
rs16942,rs12944597,1.0
rs16942,rs12951869,1.0
rs16942,rs11079056,1.0
rs16942,rs11649926,1.0
rs16942,rs12936816,1.0
rs16942,rs4793212,1.0
rs16942,rs34534709,1.0
rs16942,rs34059614,1.0
rs16942,rs33926631,1.0
rs16942,rs11653253,1.0
rs16942,rs1960605,1.0
rs16942,rs55672536,1.0
rs16942,rs2037075,1.0
rs16942,rs2037076,1.0
rs16942,rs72829113,1.0
rs16942,rs73311417,1.0
rs16942,rs12950779,1.0
rs16942,rs35646478,1.0
rs16942,rs36036395,1.0
rs16942,rs12944458,1.0
rs16942,rs12937015,1.0
rs16942,rs4340367,1.0
rs16942,rs915945,1.0
rs16942,rs4792981,1.0
rs16942,rs34120358,1.0
rs16942,rs1973646,1.0
rs16942,rs2298861,1.0
rs16942,rs2298862,1.0
rs16942,rs55874139,1.0
rs16942,rs35521261,1.0
rs16942,rs33933393,1.0
rs16942,rs71160019,1.0
rs16942,rs71160020,1.0
rs16942,rs4792982,1.0
rs16942,rs4793215,1.0
rs16942,rs12952012,1.0
rs16942,rs799916,0.9783
rs16942,rs799917,0.9783
rs16942,rs799919,0.9783
rs16942,rs8067269,0.9783
rs16942,rs10445321,0.9783
rs16942,rs8176196,0.9783
rs16942,rs799912,0.9783
rs16942,rs8176198,0.9783
rs16942,rs4318274,0.9783
rs16942,rs4239148,0.9783
rs16942,rs4239147,0.9783
rs16942,rs2236762,0.9783
rs16942,rs55737636,0.9783
rs16942,rs55820479,0.9783
rs16942,rs374842106,0.9783
rs16942,rs35668327,0.9783
rs16942,rs799902,0.9783
rs16942,rs799903,0.9783
rs16942,rs8077486,0.9783
rs16942,rs799905,0.9783
rs16942,rs8176279,0.9783
rs16942,rs799906,0.9783
rs16942,rs799908,0.9783
rs16942,rs799910,0.9783
rs16942,rs7212284,0.9783
rs16942,rs6503726,0.9783
rs16942,rs8070179,0.9783
rs16942,rs1554063,0.9783
rs16942,rs8176310,0.9783
rs16942,rs79345851,0.9783
rs16942,rs7223952,0.9783
rs16942,rs7210098,0.9783
rs16942,rs8071278,0.9783
rs16942,rs2355868,0.9783
rs16942,rs7223062,0.9783
rs16942,rs9911630,0.9783
rs16942,rs35678438,0.9783
rs16942,rs9904909,0.9783
rs16942,rs6503727,0.9783
rs16942,rs35070007,0.9783
rs16942,rs2137990,0.9783
rs16942,rs33946455,0.9783
rs16942,rs34365396,0.9783
rs16942,rs12940037,0.9783
rs16942,rs12937192,0.9783
rs16942,rs11650132,0.9783
rs16942,rs11650272,0.9783
rs16942,rs11654700,0.9783
rs16942,rs11654731,0.9783
rs16942,rs2271573,0.9783
rs16942,rs2271574,0.9783
rs16942,rs3215228,0.9783
rs16942,rs33994002,0.9783
rs16942,rs33920795,0.9783
rs16942,rs33918839,0.9783
rs16942,rs11651623,0.9783
rs16942,rs11657883,0.9783
rs16942,rs11656945,0.9783
rs16942,rs12944430,0.9783
rs16942,rs11653460,0.9783
rs16942,rs11653231,0.9783
rs16942,rs11650913,0.9783
rs16942,rs12936831,0.9783
rs16942,rs149420345,0.9783
rs16942,rs1399323,0.9783
rs16942,rs35954893,0.9783
rs16942,rs35292991,0.9783
rs16942,rs11658499,0.9783
rs16942,rs11655049,0.9783
rs16942,rs4793216,0.9783
rs16942,rs4445938,0.9783
rs16942,rs11654877,0.9783
rs16942,rs8070085,0.9783
rs16942,rs8074136,0.9783
rs16942,rs33911743,0.9783
rs16942,rs33924658,0.9783
rs16942,rs4793217,0.9783
rs16942,rs3744242,0.9783
rs16942,rs34234065,0.9783
rs16942,rs36116919,0.9783
rs16942,rs34142696,0.9783
rs16942,rs34743495,0.9783
rs16942,rs17527802,0.9783
rs16942,rs35837289,0.9783
rs16942,rs77259033,0.9783
rs16942,rs17527829,0.9783
rs16942,rs35995789,0.9783
rs16942,rs35243819,0.9783
rs16942,rs2306829,0.9783
rs16942,rs71379211,0.9783
rs16942,rs35221180,0.9783
rs16942,rs1565163,0.9783
rs16942,rs748620,0.9783
rs16942,rs13119,0.9783
rs16942,rs3803871,0.9783
rs16942,rs35989681,0.9783
rs16942,rs13851,0.9783
rs16942,rs1807433,0.9783
rs16942,rs372125809,0.9783
rs16942,rs1184902481,0.9783
rs16942,rs17600371,0.9783
rs16942,rs1133320,0.9783
rs16942,rs3744244,0.9783
rs16942,rs35960318,0.9783
rs16942,rs113488312,0.9783
rs16942,rs112666191,0.9783
rs16942,rs7406399,0.9783
rs16942,rs7406411,0.9783
rs16942,rs71361513,0.9783
rs16942,rs34094168,0.9783
rs16942,rs71274038,0.9783
rs16942,rs201687968,0.9783
rs16942,rs78845268,0.9783
rs16942,rs35265669,0.9783
rs16942,rs79860307,0.9783
rs16942,rs35253360,0.9783
rs16942,rs34093730,0.9783
rs16942,rs34095420,0.9783
rs16942,rs71379217,0.9783
rs16942,rs111241581,0.9783
rs16942,rs77584072,0.9783
rs16942,rs111418629,0.9783
rs16942,rs113379364,0.9783
rs16942,rs4793224,0.9783
rs16942,rs35332877,0.9783
rs16942,rs35312672,0.9783
rs16942,rs75467880,0.9783
rs16942,rs17600502,0.9783
rs16942,rs113613557,0.9783
rs16942,rs17600553,0.9783
rs16942,rs34766339,0.9783
rs16942,rs34086156,0.9783
rs16942,rs80228534,0.9783
rs16942,rs113429486,0.9783
rs16942,rs4793222,0.9783
rs16942,rs4793221,0.9783
rs16942,rs35073256,0.9783
rs16942,rs1574328,0.9783
rs16942,rs1574329,0.9783
rs16942,rs111784069,0.9783
rs16942,rs111535713,0.9783
rs16942,rs34053645,0.9783
rs16942,rs34977165,0.9783
rs16942,rs2171461,0.9783
rs16942,rs4793226,0.9783
rs16942,rs2127223,0.9783
rs16942,rs35788301,0.9783
rs16942,rs2343820,0.9783
rs16942,rs35612701,0.9783
rs16942,rs4356517,0.9783
rs16942,rs2343819,0.9783
rs16942,rs2343818,0.9783
rs16942,rs36114164,0.9783
rs16942,rs34576341,0.9783
rs16942,rs35399157,0.9783
rs16942,rs111309714,0.9783
rs16942,rs71190320,0.9783
rs16942,rs4346244,0.9783
rs16942,rs4600503,0.9783
rs16942,rs4352088,0.9783
rs16942,rs9675035,0.9783
rs16942,rs9675026,0.9783
rs16942,rs4520874,0.9783
rs16942,rs71379220,0.9783
rs16942,rs12951008,0.9783
rs16942,rs4793229,0.9783
rs16942,rs34633610,0.9783
rs16942,rs11654051,0.9783
rs16942,rs11649954,0.9783
rs16942,rs11653303,0.9783
rs16942,rs1824889,0.9783
rs16942,rs56729776,0.9783
rs16942,rs35956818,0.9783
rs16942,rs34610160,0.9783
rs16942,rs35593315,0.9783
rs16942,rs9646414,0.9783
rs16942,rs9646415,0.9783
rs16942,rs9646416,0.9783
rs16942,rs9646417,0.9783
rs16942,rs1545764,0.9783
rs16942,rs4584865,0.9783
rs16942,rs9646412,0.9783
rs16942,rs4793231,0.9783
rs16942,rs36042146,0.9783
rs16942,rs11651341,0.9783
rs16942,rs34572725,0.9783
rs16942,rs35437515,0.9783
rs16942,rs4534897,0.9783
rs16942,rs56301523,0.9783
rs16942,rs71275966,0.9783
rs16942,rs1842145,0.9783
rs16942,rs1842147,0.9783
rs16942,rs4793233,0.9783
rs16942,rs60309406,0.9783
rs16942,rs4793234,0.9783
rs16942,rs4793236,0.9783
rs16942,rs34738736,0.9782
rs16942,rs5018133,0.9782
rs16942,rs5018132,0.9782
rs16942,rs7501753,0.9782
rs16942,rs4239149,0.9573
rs16942,rs36062488,0.9573
rs16942,rs35014595,0.9573
rs16942,rs36107656,0.9573
rs16942,rs35017602,0.9573
rs16942,rs17527933,0.9573
rs16942,rs35635387,0.9573
rs16942,rs71379212,0.9573
rs16942,rs2356310,0.9573
rs16942,rs34210004,0.9573
rs16942,rs3051096,0.9573
rs16942,rs13539,0.9573
rs16942,rs71367985,0.9573
rs16942,rs71367986,0.9573
rs16942,rs75566810,0.9573
rs16942,rs2171462,0.9573
rs16942,rs1386749,0.9573
rs16942,rs77940339,0.9573
rs16942,rs117334117,0.9573
rs16942,rs79391435,0.9573
rs16942,rs2736686,0.9573
rs16942,rs36035445,0.9573
rs16942,rs35993618,0.9573
rs16942,rs4793227,0.9573
rs16942,rs2086248,0.9573
rs16942,rs12940133,0.9573
rs16942,rs9646418,0.9573
rs16942,rs9646413,0.9573
rs16942,rs4793230,0.9573
rs16942,rs9897425,0.9573
rs16942,rs11650732,0.9573
rs16942,rs9891977,0.9573
rs16942,rs4792988,0.9573
rs16942,rs4792989,0.9573
rs16942,rs375673256,0.9566
rs16942,rs67177158,0.9566
rs16942,rs35971878,0.9566
rs16942,rs2005942,0.9566
rs16942,rs35184764,0.9368
rs16942,rs34982101,0.9368
rs16942,rs8482,0.9368
rs16942,rs199735290,0.9368
rs16942,rs116409325,0.9368
rs16942,rs7223460,0.9368
rs16942,rs58891786,0.9356
rs16942,rs2070835,0.9356
rs16942,rs9915489,0.9355
rs16942,rs111274735,0.9351
rs16942,rs34410138,0.9169
rs16942,rs4793237,0.9169
rs16942,rs11657004,0.9169
rs16942,rs11080034,0.9169
rs16942,rs9912203,0.9169
rs16942,rs34474989,0.9169
rs16942,rs201521196,0.9169
rs16942,rs377611452,0.914
rs16942,rs371133200,0.914
rs16942,rs11396510,0.8974
rs16942,rs34293035,0.8944
rs16942,rs1137525,0.8932
rs16942,rs11656843,0.8785
rs16942,rs71379215,0.8785
rs16942,rs1842144,0.8785
rs16942,rs11347376,0.8757
rs16942,rs8176216,0.8728
rs16942,rs2355869,0.8722
rs16942,rs34687590,0.8601
rs16942,rs113018343,0.8601
rs16942,rs74252763,0.8328
rs16942,rs71190323,0.8328
rs16942,rs34983914,0.8328
rs405509,rs157588,0.8131
rs405509,rs157585,0.8131
rs6025,rs1894692,1.0
rs144848,rs559067,1.0
rs144848,rs206122,0.8498
rs144848,rs11571577,0.8498
rs4524,rs4525,1.0
rs4524,rs6032,1.0
rs4524,rs6021,1.0
rs4524,rs6017,1.0
rs4524,rs6016,1.0
rs4524,rs2239851,1.0
rs4524,rs6675244,1.0
rs4524,rs6662593,1.0
rs4524,rs6662696,1.0
rs4524,rs9332600,1.0
rs4524,rs9287090,1.0
rs4524,rs3766109,1.0
rs4524,rs10800453,1.0
rs4524,rs4656187,1.0
rs4524,rs1121789,1.0
rs4524,rs6670393,1.0
rs4524,rs9332619,1.0
rs4524,rs9332620,1.0
rs4524,rs2187953,1.0
rs4524,rs2420373,1.0
rs4524,rs9332627,1.0
rs4524,rs9332635,1.0
rs4524,rs9332643,1.0
rs4524,rs9332651,1.0
rs4524,rs9332652,1.0
rs4524,rs9332655,1.0
rs4524,rs2213867,0.975
rs4524,rs2213866,0.975
rs4524,rs2227244,0.975
rs4524,rs9332667,0.975
rs4524,rs4656685,0.975
rs4524,rs2187952,0.975
rs4524,rs970741,0.975
rs4524,rs974793,0.975
rs4524,rs10919178,0.975
rs4524,rs11579441,0.975
rs4524,rs2009814,0.975
rs4524,rs201249681,0.975
rs4524,rs4656684,0.975
rs4524,rs10800450,0.975
rs4524,rs12127364,0.975
rs4524,rs9287092,0.9009
rs4524,rs1800594,0.8625
rs4524,rs1557570,0.8625
rs4524,rs7535409,0.8625
rs4524,rs6701330,0.8625
rs4524,rs6030,0.8625
rs4524,rs2239852,0.8422
rs4524,rs6686805,0.8422
rs4524,rs10800454,0.8422
rs4524,rs1557572,0.8422
rs4524,rs4656687,0.8422
rs4524,rs916438,0.8422
rs4524,rs2157581,0.8422
rs4524,rs9332595,0.83
rs4524,rs929130,0.83
rs4524,rs3766110,0.83
rs4524,rs3766111,0.83
rs4524,rs3766112,0.83
rs4524,rs3766113,0.83
rs4524,rs112177003,0.83
rs4524,rs6672595,0.83
rs4524,rs13306345,0.83
rs4524,rs79186925,0.83
rs4524,rs12143223,0.83
rs4524,rs12121164,0.83
rs4524,rs10919186,0.83
rs4524,rs1894695,0.83
rs4524,rs1894696,0.83
rs4524,rs56100784,0.83
rs4524,rs2301515,0.8226
rs4524,rs9332665,0.8226
rs4524,rs3820060,0.8226
rs4524,rs4656185,0.8226
rs4524,rs57670315,0.8173
rs4524,rs9332599,0.8128
rs4524,rs1988608,0.8051
rs4524,rs10158595,0.8051
rs4524,rs2420375,0.8051
rs4524,rs2420376,0.8051
rs4524,rs2420377,0.8051
rs397507583,rs1801439,1.0
rs397507583,rs766173,1.0
rs397507583,rs11571643,1.0
rs397507583,rs11147486,1.0
rs397507583,rs11571638,1.0
rs397507583,rs11571650,1.0
rs397507583,rs11571651,1.0
rs397507583,rs1801499,1.0
rs397507583,rs1799944,1.0
rs397507583,rs79347017,1.0
rs397507583,rs79990454,1.0
rs397507583,rs3783265,1.0
rs397507583,rs11571618,1.0
rs397507583,rs11571610,1.0
rs397507583,rs11571605,1.0
rs397507583,rs11571663,1.0
rs397507583,rs74729703,1.0
rs397507583,rs11571665,1.0
rs397507583,rs11571598,1.0
rs397507583,rs11571597,1.0
rs397507583,rs11571671,1.0
rs397507583,rs11147488,1.0
rs397507583,rs74834625,1.0
rs397507583,rs11571680,1.0
rs397507583,rs11571681,1.0
rs397507583,rs11571682,1.0
rs397507583,rs11571684,1.0
rs397507583,rs74047010,1.0
rs397507583,rs11571695,1.0
rs397507583,rs11571698,1.0
rs397507583,rs11571699,1.0
rs397507583,rs721185,1.0
rs397507583,rs11147489,1.0
rs397507583,rs11571722,1.0
rs397507583,rs11571727,1.0
rs397507583,rs76370881,1.0
rs397507583,rs75649145,1.0
rs397507583,rs11571739,1.0
rs397507583,rs11571809,1.0
rs397507583,rs11571811,1.0
rs397507583,rs11571813,1.0
rs397507583,rs11147494,1.0
rs397507583,rs80214285,0.8527
rs397507583,rs17636116,0.8527
rs397507583,rs117134513,0.829
rs1799954,rs76358429,1.0
rs1799954,rs117359297,1.0
rs1799954,rs182424213,1.0
rs1799954,rs531417757,1.0
