rsid,true_genotype,sanitized_genotype,ld_neighbor,disclosed
rs1894692,AA,AA,True,True
rs4525,TT,TT,True,True
rs11657053,GG,GG,True,True
rs12516,GG,GG,True,True
rs8176318,CC,CC,True,True
rs3092994,CC,CC,True,True
rs16940,AA,AA,True,True
rs799912,TT,TT,True,True
rs799905,GG,GG,True,True
rs11655505,GG,GG,True,True
rs9912203,GG,GG,True,True
rs55997232,CC,CC,True,True
rs55791371,AA,AA,True,True
rs56125973,TT,TT,True,True
rs56289821,GG,GG,True,True
rs112374545,CC,CC,True,True
rs73015011,TT,TT,True,True
rs115594766,AA,AA,True,True
rs142158911,GG,GG,True,True
rs73015013,CC,CC,True,True
rs77140532,AA,AA,True,True
rs17248720,CC,CC,True,True
rs6511720,GG,GG,True,True
rs17242395,GG,GG,True,True
rs73015034,CC,CC,True,True
