rsid,true_genotype,reference_genotype,truth_carrier,neighbors_used,ld_score,ld_predicts_carrier,ld_correct,baseline_correct,ld_informed
rs28942079,GG,GG,False,0,,False,True,True,False
rs28897672,AA,AA,False,0,,False,True,True,False
rs28897686,CC,CC,False,0,,False,True,True,False
rs41293455,GG,GG,False,0,,False,True,True,False
rs62625306,CC,CC,False,0,,False,True,True,False
rs769455,CC,CC,False,0,,False,True,True,False
rs429358,TT,TT,False,0,,False,True,True,False
rs28931576,AA,AA,False,0,,False,True,True,False
rs28931578,GG,GG,False,0,,False,True,True,False
rs80357355,TT,TT,False,0,,False,True,True,False
rs28897680,TT,TT,False,0,,False,True,True,False
rs28897696,GG,GG,False,0,,False,True,True,False
rs45553935,AA,AA,False,0,,False,True,True,False
rs1800751,GG,GG,False,0,,False,True,True,False
rs28897761,GG,GG,False,0,,False,True,True,False
rs41293477,TT,TT,False,0,,False,True,True,False
rs28897723,AA,AA,False,0,,False,True,True,False
rs28897726,GG,GG,False,0,,False,True,True,False
rs41293497,CC,CC,False,0,,False,True,True,False
rs28897737,CC,CC,False,0,,False,True,True,False
rs56191579,GG,GG,False,0,,False,True,True,False
rs41293513,AA,AA,False,0,,False,True,True,False
rs28897750,CC,CC,False,0,,False,True,True,False
rs11571747,AA,AA,False,0,,False,True,True,False
rs766173,AA,AA,False,0,,False,True,True,False
rs28897756,GG,GG,False,0,,False,True,True,False
rs28897758,TT,TT,False,0,,False,True,True,False
rs28897759,AA,AA,False,0,,False,True,True,False
rs55716624,CC,CC,False,0,,False,True,True,False
rs28897717,AA,AA,False,0,,False,True,True,False
rs28897718,AA,AA,False,0,,False,True,True,False
rs28897720,AA,AA,False,0,,False,True,True,False
rs28897731,TT,TT,False,0,,False,True,True,False
rs28897742,TT,TT,False,0,,False,True,True,False
rs80358928,CC,CC,False,0,,False,True,True,False
rs55854959,GG,GG,False,0,,False,True,True,False
rs28897746,TT,TT,False,0,,False,True,True,False
rs41293511,GG,GG,False,0,,False,True,True,False
rs28897749,GG,GG,False,0,,False,True,True,False
rs28897751,TT,TT,False,0,,False,True,True,False
rs28897753,TT,TT,False,0,,False,True,True,False
rs28897754,GG,GG,False,0,,False,True,True,False
rs45580035,CC,CC,False,0,,False,True,True,False
rs80359205,GG,GG,False,0,,False,True,True,False
rs1800062,CC,CC,False,0,,False,True,True,False
rs62625300,AA,AA,False,0,,False,True,True,False
rs28897676,GG,GG,False,0,,False,True,True,False
rs41286296,CC,CC,False,0,,False,True,True,False
rs799917,GG,GG,False,0,,False,True,True,False
rs55909400,CC,CC,False,0,,False,True,True,False
rs62625307,GG,GG,False,0,,False,True,True,False
rs28897688,GG,GG,False,0,,False,True,True,False
rs55639854,TT,TT,False,0,,False,True,True,False
rs4986849,CC,CC,False,0,,False,True,True,False
rs55770810,GG,GG,False,0,,False,True,True,False
rs45444999,CC,CC,False,0,,False,True,True,False
rs41293461,CC,CC,False,0,,False,True,True,False
rs28897698,CC,CC,False,0,,False,True,True,False
rs41293465,GG,GG,False,0,,False,True,True,False
rs28897735,TT,TT,False,0,,False,True,True,False
rs35029074,GG,GG,False,0,,False,True,True,False
rs55875643,CC,CC,False,0,,False,True,True,False
rs8176219,TT,TT,False,0,,False,True,True,False
rs28897685,TT,TT,False,0,,False,True,True,False
rs56321129,TT,TT,False,0,,False,True,True,False
rs72658858,GG,GG,False,0,,False,True,True,False
rs28897719,AA,AA,False,0,,False,True,True,False
rs6025,CC,TT,True,0,,False,False,False,False
rs2228671,CC,CC,False,2,0.0,False,True,True,True
rs28942078,GG,GG,False,0,,False,True,True,False
rs55953736,AA,AA,False,0,,False,True,True,False
rs8176154,TT,TT,False,0,,False,True,True,False
rs16941,TT,TT,False,24,0.0,False,True,True,True
rs13306510,CC,CC,False,0,,False,True,True,False
rs2569548,CC,CC,False,0,,False,True,True,False
rs6030,TT,TT,False,10,0.0,False,True,True,True
rs4524,TT,TT,False,11,0.0,False,True,True,True
rs35369423,CC,CC,False,0,,False,True,True,False
rs6006,TT,TT,False,0,,False,True,True,False
rs13306505,CC,CC,False,0,,False,True,True,False
rs41293475,CC,CC,False,0,,False,True,True,False
rs28897729,GG,GG,False,0,,False,True,True,False
rs28897733,AA,AA,False,0,,False,True,True,False
rs28897705,TT,TT,False,0,,False,True,True,False
rs28897706,CC,CC,False,0,,False,True,True,False
rs4986852,CC,CC,False,0,,False,True,True,False
rs56403624,AA,AA,False,0,,False,True,True,False
rs1799954,CC,CC,False,0,,False,True,True,False
rs28897690,CC,CC,False,0,,False,True,True,False
rs28897677,CC,CC,False,0,,False,True,True,False
rs28897691,CC,CC,False,0,,False,True,True,False
rs55725337,CC,CC,False,0,,False,True,True,False
rs28897713,AA,AA,False,0,,False,True,True,False
rs28897689,TT,TT,False,0,,False,True,True,False
rs16942,TT,TT,False,24,0.0,False,True,True,True
rs28897716,GG,GG,False,0,,False,True,True,False
rs34309943,CC,CC,False,0,,False,True,True,False
rs55977008,CC,CC,False,0,,False,True,True,False
rs56039126,GG,GG,False,0,,False,True,True,False
rs6007,TT,TT,False,0,,False,True,True,False
rs9332605,CC,CC,False,0,,False,True,True,False
rs144848,AC,AA,True,0,,False,False,False,False
rs1800704,CC,CC,False,0,,False,True,True,False
rs28897683,GG,GG,False,0,,False,True,True,False
rs1800064,CC,CC,False,0,,False,True,True,False
rs2227943,TT,TT,False,0,,False,True,True,False
rs28897715,GG,GG,False,0,,False,True,True,False
rs28897728,GG,GG,False,0,,False,True,True,False
rs55638633,CC,CC,False,0,,False,True,True,False
rs28897725,CC,CC,False,0,,False,True,True,False
rs11571640,AA,AA,False,0,,False,True,True,False
rs12946486,TT,TT,False,0,,False,True,True,False
